student_id,campus,amount_due,amount_paid,last_payment_date,outstanding
SLA01000,Boma,659606.0,395321.0,2026-04-27,264285.0
SLA01001,Kijenge,583408.0,583408.0,2026-05-06,0.0
SLA01002,Boma,633485.0,196565.0,2026-03-16,436919.0
SLA01003,Sakina,721262.0,180123.0,2026-04-02,541139.0
SLA01004,Boma,530295.0,530295.0,2026-05-13,0.0
SLA01005,Kijenge,536980.0,536980.0,2026-04-27,0.0
SLA01006,Sakina,300000.0,300000.0,2026-05-07,0.0
SLA01007,Sakina,714044.0,714044.0,2026-04-30,0.0
SLA01008,Sakina,548634.0,548634.0,2026-05-05,0.0
SLA01009,Boma,510911.0,510911.0,2026-04-19,0.0
SLA01010,Ilboru,524463.0,524463.0,2026-05-03,0.0
SLA01011,Kijenge,671726.0,671726.0,2026-04-13,0.0
SLA01012,Boma,614666.0,614666.0,2026-05-11,0.0
SLA01013,Usa River,538148.0,538148.0,2026-04-16,0.0
SLA01014,Usa River,1949791.0,0.0,2026-04-18,1949791.0
SLA01015,Ilboru,713693.0,371175.0,2026-04-23,342518.0
SLA01016,Sakina,598380.0,598380.0,2026-04-15,0.0
SLA01017,Sakina,473075.0,36727.0,2026-03-20,436348.0
SLA01018,Boma,448186.0,448186.0,2026-04-22,0.0
SLA01019,Usa River,731039.0,731039.0,2026-05-11,0.0
SLA01020,Boma,626237.0,16625.0,2026-02-24,609611.0
SLA01021,Usa River,705811.0,705811.0,2026-05-08,0.0
SLA01022,Kijenge,586122.0,586122.0,2026-04-22,0.0
SLA01023,Boma,563868.0,563868.0,2026-04-24,0.0
SLA01024,Sakina,544723.0,544723.0,2026-04-20,0.0
SLA01025,Ilboru,726855.0,726855.0,2026-05-01,0.0
SLA01026,Sakina,638890.0,638890.0,2026-05-06,0.0
SLA01027,Boma,553790.0,128298.0,2026-03-15,425492.0
SLA01028,Usa River,669855.0,459276.0,2026-04-03,210579.0
SLA01029,Kijenge,706530.0,706530.0,2026-04-14,0.0
SLA01030,Usa River,499294.0,93363.0,2026-03-17,405931.0
SLA01031,Ilboru,562895.0,562895.0,2026-04-15,0.0
SLA01032,Ilboru,578672.0,578672.0,2026-05-09,0.0
SLA01033,Kijenge,550754.0,340795.0,2026-03-24,209959.0
SLA01034,Sakina,591359.0,591359.0,2026-04-30,0.0
SLA01035,Ilboru,720424.0,490171.0,2026-04-05,230253.0
SLA01036,Kijenge,779452.0,779452.0,2026-04-27,0.0
SLA01037,Boma,640582.0,640582.0,2026-04-16,0.0
SLA01038,Kijenge,552163.0,552163.0,2026-04-18,0.0
SLA01039,Sakina,592696.0,592696.0,2026-05-11,0.0
SLA01040,Sakina,429750.0,429750.0,2026-04-29,0.0
SLA01041,Sakina,725099.0,54228.0,2026-04-12,670871.0
SLA01042,Boma,777347.0,777347.0,2026-04-22,0.0
SLA01043,Usa River,537808.0,537808.0,2026-04-19,0.0
SLA01044,Boma,502981.0,121941.0,2026-03-07,381040.0
SLA01045,Ilboru,539789.0,539789.0,2026-05-13,0.0
SLA01046,Usa River,630854.0,630854.0,2026-04-27,0.0
SLA01047,Sakina,637742.0,103188.0,2026-03-31,534553.0
SLA01048,Usa River,515754.0,515754.0,2026-04-17,0.0
SLA01049,Sakina,560681.0,560681.0,2026-05-07,0.0
SLA01050,Kijenge,635534.0,635534.0,2026-04-26,0.0
SLA01051,Sakina,1823372.0,0.0,2026-04-14,1823372.0
SLA01052,Usa River,430156.0,430156.0,2026-04-15,0.0
SLA01053,Usa River,549523.0,549523.0,2026-05-06,0.0
SLA01054,Sakina,580646.0,580646.0,2026-04-13,0.0
SLA01055,Ilboru,648486.0,312450.0,2026-04-24,336036.0
SLA01056,Sakina,597774.0,597774.0,2026-04-19,0.0
SLA01057,Ilboru,399179.0,399179.0,2026-04-13,0.0
SLA01058,Usa River,612282.0,612282.0,2026-04-27,0.0
SLA01059,Ilboru,548087.0,548087.0,2026-04-13,0.0
SLA01060,Sakina,657330.0,657330.0,2026-04-19,0.0
SLA01061,Kijenge,568917.0,568917.0,2026-04-21,0.0
SLA01062,Usa River,640779.0,640779.0,2026-04-29,0.0
SLA01063,Ilboru,599114.0,407883.0,2026-04-21,191231.0
SLA01064,Boma,694924.0,0.0,2025-05-28,694924.0
SLA01065,Kijenge,490874.0,490874.0,2026-05-13,0.0
SLA01066,Boma,670423.0,670423.0,2026-05-06,0.0
SLA01067,Boma,862855.0,397250.0,2026-04-07,465605.0
SLA01068,Kijenge,804793.0,804793.0,2026-05-05,0.0
SLA01069,Kijenge,704831.0,704831.0,2026-04-26,0.0
SLA01070,Sakina,677890.0,677890.0,2026-04-25,0.0
SLA01071,Ilboru,453255.0,223621.0,2026-04-02,229634.0
SLA01072,Boma,506010.0,133183.0,2026-01-19,372827.0
SLA01073,Ilboru,561353.0,561353.0,2026-04-30,0.0
SLA01074,Boma,725263.0,725263.0,2026-04-22,0.0
SLA01075,Boma,663174.0,663174.0,2026-05-12,0.0
SLA01076,Usa River,561061.0,151557.0,2026-03-31,409504.0
SLA01077,Kijenge,575296.0,575296.0,2026-04-26,0.0
SLA01078,Ilboru,451566.0,338022.0,2026-04-17,113544.0
SLA01079,Kijenge,441545.0,103305.0,2026-04-04,338240.0
SLA01080,Sakina,518397.0,518397.0,2026-05-10,0.0
SLA01081,Sakina,627870.0,114228.0,2026-04-12,513643.0
SLA01082,Kijenge,620980.0,388721.0,2026-04-18,232259.0
SLA01083,Ilboru,453977.0,453977.0,2026-05-07,0.0
SLA01084,Boma,483038.0,483038.0,2026-05-08,0.0
SLA01085,Ilboru,694450.0,433904.0,2026-04-12,260546.0
SLA01086,Ilboru,650938.0,650938.0,2026-05-04,0.0
SLA01087,Sakina,712864.0,712864.0,2026-04-22,0.0
SLA01088,Kijenge,435615.0,435615.0,2026-05-07,0.0
SLA01089,Boma,507386.0,59836.0,2026-01-29,447551.0
SLA01090,Boma,633203.0,349097.0,2026-04-08,284106.0
SLA01091,Sakina,699262.0,699262.0,2026-04-28,0.0
SLA01092,Sakina,431231.0,189908.0,2026-04-18,241323.0
SLA01093,Sakina,595856.0,595856.0,2026-05-11,0.0
SLA01094,Boma,471493.0,134931.0,2026-01-27,336562.0
SLA01095,Kijenge,657897.0,73058.0,2026-02-21,584839.0
SLA01096,Sakina,656789.0,168074.0,2026-03-13,488714.0
SLA01097,Boma,591261.0,591261.0,2026-04-24,0.0
SLA01098,Sakina,725469.0,725469.0,2026-04-25,0.0
SLA01099,Usa River,558943.0,558943.0,2026-05-07,0.0
SLA01100,Usa River,685213.0,400871.0,2026-04-13,284342.0
SLA01101,Kijenge,611097.0,611097.0,2026-04-22,0.0
SLA01102,Ilboru,606985.0,134891.0,2026-03-04,472094.0
SLA01103,Boma,462844.0,301423.0,2026-04-28,161420.0
SLA01104,Sakina,434680.0,306474.0,2026-04-22,128206.0
SLA01105,Kijenge,487461.0,133551.0,2026-02-08,353910.0
SLA01106,Usa River,661806.0,413617.0,2026-04-24,248189.0
SLA01107,Usa River,900000.0,628107.0,2026-04-10,271893.0
SLA01108,Sakina,562168.0,562168.0,2026-04-21,0.0
SLA01109,Sakina,691076.0,691076.0,2026-05-13,0.0
SLA01110,Sakina,541756.0,541756.0,2026-05-04,0.0
SLA01111,Boma,609825.0,609825.0,2026-04-13,0.0
SLA01112,Usa River,682351.0,682351.0,2026-05-10,0.0
SLA01113,Sakina,406474.0,406474.0,2026-05-09,0.0
SLA01114,Sakina,543368.0,543368.0,2026-05-07,0.0
SLA01115,Kijenge,730674.0,730674.0,2026-04-22,0.0
SLA01116,Usa River,514164.0,514164.0,2026-04-27,0.0
SLA01117,Boma,681552.0,681552.0,2026-05-11,0.0
SLA01118,Usa River,605469.0,0.0,2025-05-15,605469.0
SLA01119,Usa River,521808.0,521808.0,2026-05-08,0.0
SLA01120,Sakina,356983.0,155436.0,2026-03-14,201547.0
SLA01121,Boma,622375.0,622375.0,2026-05-10,0.0
SLA01122,Kijenge,2463030.0,0.0,2026-04-26,2463030.0
SLA01123,Ilboru,2919706.0,0.0,2026-05-09,2919706.0
SLA01124,Boma,638132.0,402086.0,2026-04-06,236046.0
SLA01125,Kijenge,406533.0,406533.0,2026-04-22,0.0
SLA01126,Sakina,854659.0,854659.0,2026-04-15,0.0
SLA01127,Sakina,723896.0,723896.0,2026-04-20,0.0
SLA01128,Kijenge,752029.0,752029.0,2026-04-16,0.0
SLA01129,Kijenge,515080.0,515080.0,2026-04-15,0.0
SLA01130,Kijenge,653258.0,653258.0,2026-04-20,0.0
SLA01131,Ilboru,692956.0,692956.0,2026-04-18,0.0
SLA01132,Kijenge,300000.0,300000.0,2026-05-05,0.0
SLA01133,Boma,477073.0,477073.0,2026-05-01,0.0
SLA01134,Ilboru,795889.0,795889.0,2026-05-06,0.0
SLA01135,Ilboru,428383.0,428383.0,2026-05-02,0.0
SLA01136,Kijenge,2193914.0,0.0,2026-05-06,2193914.0
SLA01137,Boma,427697.0,84516.0,2026-03-09,343180.0
SLA01138,Sakina,575705.0,575705.0,2026-05-01,0.0
SLA01139,Sakina,607308.0,104847.0,2026-03-02,502461.0
SLA01140,Boma,790322.0,790322.0,2026-04-15,0.0
SLA01141,Kijenge,451462.0,451462.0,2026-04-25,0.0
SLA01142,Usa River,581786.0,158016.0,2026-04-09,423770.0
SLA01143,Ilboru,670598.0,670598.0,2026-05-02,0.0
SLA01144,Usa River,541628.0,541628.0,2026-04-30,0.0
SLA01145,Sakina,624912.0,194745.0,2026-04-21,430167.0
SLA01146,Sakina,529276.0,529276.0,2026-05-07,0.0
SLA01147,Ilboru,701952.0,431330.0,2026-04-28,270623.0
SLA01148,Sakina,643442.0,283769.0,2026-03-16,359673.0
SLA01149,Kijenge,669758.0,669758.0,2026-05-02,0.0
SLA01150,Usa River,689675.0,85372.0,2026-01-24,604304.0
SLA01151,Boma,673244.0,673244.0,2026-04-20,0.0
SLA01152,Sakina,519696.0,133834.0,2026-03-05,385862.0
SLA01153,Usa River,739432.0,739432.0,2026-05-01,0.0
SLA01154,Sakina,699050.0,699050.0,2026-05-09,0.0
SLA01155,Ilboru,697621.0,105742.0,2026-01-17,591879.0
SLA01156,Kijenge,537217.0,62726.0,2026-01-25,474492.0
SLA01157,Ilboru,713897.0,713897.0,2026-04-26,0.0
SLA01158,Usa River,638900.0,109911.0,2026-03-08,528989.0
SLA01159,Sakina,584383.0,584383.0,2026-04-24,0.0
SLA01160,Ilboru,384955.0,384955.0,2026-04-29,0.0
SLA01161,Kijenge,546387.0,369460.0,2026-03-27,176927.0
SLA01162,Kijenge,674894.0,674894.0,2026-04-22,0.0
SLA01163,Sakina,675401.0,675401.0,2026-04-22,0.0
SLA01164,Usa River,609097.0,609097.0,2026-05-11,0.0
SLA01165,Kijenge,518741.0,54610.0,2026-01-17,464130.0
SLA01166,Kijenge,2370164.0,0.0,2026-05-09,2370164.0
SLA01167,Boma,762946.0,762946.0,2026-04-29,0.0
SLA01168,Sakina,548004.0,357913.0,2026-04-16,190091.0
SLA01169,Ilboru,624459.0,624459.0,2026-04-28,0.0
SLA01170,Kijenge,426230.0,329742.0,2026-03-18,96488.0
SLA01171,Boma,431104.0,97435.0,2026-02-18,333669.0
SLA01172,Sakina,513787.0,297586.0,2026-03-30,216200.0
SLA01173,Kijenge,574386.0,574386.0,2026-04-14,0.0
SLA01174,Ilboru,563721.0,563721.0,2026-05-09,0.0
SLA01175,Sakina,599452.0,599452.0,2026-04-26,0.0
SLA01176,Ilboru,752537.0,752537.0,2026-04-24,0.0
SLA01177,Sakina,692504.0,77880.0,2026-02-18,614624.0
SLA01178,Sakina,682817.0,682817.0,2026-04-29,0.0
SLA01179,Ilboru,551854.0,2012.0,2026-02-15,549841.0
SLA01180,Kijenge,608358.0,13468.0,2026-01-22,594890.0
SLA01181,Sakina,718021.0,718021.0,2026-04-28,0.0
SLA01182,Usa River,602941.0,602941.0,2026-04-29,0.0
SLA01183,Usa River,659760.0,347872.0,2026-04-13,311888.0
SLA01184,Usa River,744049.0,10144.0,2026-02-03,733905.0
SLA01185,Kijenge,817931.0,817931.0,2026-05-06,0.0
SLA01186,Kijenge,862776.0,862776.0,2026-04-21,0.0
SLA01187,Ilboru,503004.0,503004.0,2026-04-30,0.0
SLA01188,Ilboru,345133.0,345133.0,2026-04-30,0.0
SLA01189,Ilboru,536909.0,536909.0,2026-05-01,0.0
SLA01190,Sakina,641011.0,641011.0,2026-04-13,0.0
SLA01191,Sakina,825141.0,530042.0,2026-04-04,295099.0
SLA01192,Usa River,689036.0,689036.0,2026-05-04,0.0
SLA01193,Ilboru,777199.0,201931.0,2026-02-04,575268.0
SLA01194,Sakina,741533.0,33462.0,2026-01-26,708071.0
SLA01195,Ilboru,543699.0,543699.0,2026-05-06,0.0
SLA01196,Ilboru,640911.0,460920.0,2026-04-27,179991.0
SLA01197,Ilboru,589630.0,589630.0,2026-04-20,0.0
SLA01198,Ilboru,408669.0,408669.0,2026-04-14,0.0
SLA01199,Sakina,2477270.0,0.0,2026-02-04,2477270.0
SLA01200,Boma,781948.0,199314.0,2026-04-03,582634.0
SLA01201,Kijenge,637495.0,637495.0,2026-04-16,0.0
SLA01202,Boma,471886.0,85814.0,2026-03-11,386072.0
SLA01203,Kijenge,582914.0,582914.0,2026-04-29,0.0
SLA01204,Ilboru,727254.0,727254.0,2026-05-05,0.0
SLA01205,Ilboru,784965.0,784965.0,2026-05-05,0.0
SLA01206,Ilboru,629080.0,352336.0,2026-04-27,276744.0
SLA01207,Boma,845688.0,140022.0,2026-02-28,705666.0
SLA01208,Boma,723190.0,723190.0,2026-04-19,0.0
SLA01209,Boma,2807075.0,0.0,2026-04-19,2807075.0
SLA01210,Sakina,778685.0,778685.0,2026-05-09,0.0
SLA01211,Ilboru,705339.0,705339.0,2026-04-22,0.0
SLA01212,Kijenge,392295.0,392295.0,2026-04-29,0.0
SLA01213,Usa River,773321.0,80794.0,2026-03-23,692527.0
SLA01214,Boma,780283.0,780283.0,2026-04-19,0.0
SLA01215,Usa River,608891.0,608891.0,2026-05-10,0.0
SLA01216,Usa River,395594.0,395594.0,2026-04-25,0.0
SLA01217,Ilboru,593334.0,87686.0,2026-02-22,505648.0
SLA01218,Kijenge,734721.0,734721.0,2026-05-11,0.0
SLA01219,Kijenge,427057.0,427057.0,2026-05-10,0.0
SLA01220,Usa River,467850.0,467850.0,2026-04-16,0.0
SLA01221,Boma,658521.0,93634.0,2026-01-31,564887.0
SLA01222,Usa River,481713.0,481713.0,2026-04-26,0.0
SLA01223,Usa River,660486.0,660486.0,2026-05-11,0.0
SLA01224,Usa River,536369.0,536369.0,2026-05-13,0.0
SLA01225,Ilboru,504855.0,504855.0,2026-05-10,0.0
SLA01226,Usa River,587156.0,587156.0,2026-04-23,0.0
SLA01227,Ilboru,475771.0,475771.0,2026-04-21,0.0
SLA01228,Kijenge,835767.0,835767.0,2026-04-20,0.0
SLA01229,Usa River,604232.0,370968.0,2026-03-20,233264.0
SLA01230,Sakina,702163.0,275431.0,2026-03-29,426732.0
SLA01231,Sakina,525556.0,525556.0,2026-05-05,0.0
SLA01232,Kijenge,566994.0,566994.0,2026-04-17,0.0
SLA01233,Usa River,323769.0,323769.0,2026-04-15,0.0
SLA01234,Ilboru,797396.0,797396.0,2026-04-25,0.0
SLA01235,Ilboru,570116.0,0.0,2025-09-09,570116.0
SLA01236,Ilboru,669187.0,669187.0,2026-05-07,0.0
SLA01237,Usa River,637350.0,637350.0,2026-05-03,0.0
SLA01238,Sakina,584650.0,584650.0,2026-04-21,0.0
SLA01239,Sakina,485335.0,485335.0,2026-05-13,0.0
SLA01240,Kijenge,509238.0,509238.0,2026-05-11,0.0
SLA01241,Ilboru,429330.0,429330.0,2026-04-28,0.0
SLA01242,Kijenge,522411.0,522411.0,2026-04-21,0.0
SLA01243,Ilboru,470214.0,83735.0,2026-02-15,386480.0
SLA01244,Boma,726640.0,726640.0,2026-05-04,0.0
SLA01245,Kijenge,678436.0,678436.0,2026-05-04,0.0
SLA01246,Usa River,884920.0,456468.0,2026-03-29,428452.0
SLA01247,Usa River,721744.0,721744.0,2026-04-30,0.0
SLA01248,Sakina,494926.0,494926.0,2026-05-03,0.0
SLA01249,Ilboru,434064.0,434064.0,2026-05-05,0.0
SLA01250,Kijenge,432172.0,432172.0,2026-05-10,0.0
SLA01251,Usa River,667556.0,667556.0,2026-05-10,0.0
SLA01252,Kijenge,521923.0,521923.0,2026-05-07,0.0
SLA01253,Ilboru,541545.0,541545.0,2026-05-05,0.0
SLA01254,Sakina,605823.0,605823.0,2026-04-24,0.0
SLA01255,Boma,500286.0,16815.0,2026-03-20,483471.0
SLA01256,Usa River,646830.0,158552.0,2026-03-22,488278.0
SLA01257,Sakina,589811.0,589811.0,2026-05-09,0.0
SLA01258,Boma,660110.0,110257.0,2026-02-02,549853.0
SLA01259,Kijenge,482693.0,482693.0,2026-04-23,0.0
SLA01260,Ilboru,711961.0,711961.0,2026-05-10,0.0
SLA01261,Sakina,508592.0,508592.0,2026-05-04,0.0
SLA01262,Ilboru,633571.0,633571.0,2026-05-03,0.0
SLA01263,Boma,300000.0,300000.0,2026-05-05,0.0
SLA01264,Ilboru,417085.0,417085.0,2026-05-10,0.0
SLA01265,Ilboru,695728.0,695728.0,2026-04-28,0.0
SLA01266,Boma,900000.0,900000.0,2026-05-09,0.0
SLA01267,Sakina,406679.0,406679.0,2026-04-13,0.0
SLA01268,Kijenge,527764.0,358939.0,2026-04-21,168824.0
SLA01269,Ilboru,691230.0,691230.0,2026-04-24,0.0
SLA01270,Sakina,303403.0,303403.0,2026-05-06,0.0
SLA01271,Ilboru,504373.0,125682.0,2026-02-15,378690.0
SLA01272,Usa River,620368.0,620368.0,2026-04-16,0.0
SLA01273,Ilboru,610727.0,610727.0,2026-05-04,0.0
SLA01274,Boma,658565.0,243594.0,2026-03-20,414971.0
SLA01275,Boma,789616.0,316489.0,2026-04-15,473127.0
SLA01276,Usa River,561783.0,355383.0,2026-03-17,206400.0
SLA01277,Kijenge,561713.0,561713.0,2026-05-08,0.0
SLA01278,Kijenge,704535.0,704535.0,2026-05-13,0.0
SLA01279,Sakina,560877.0,291414.0,2026-03-29,269464.0
SLA01280,Kijenge,518830.0,518830.0,2026-05-04,0.0
SLA01281,Ilboru,332360.0,183250.0,2026-04-24,149110.0
SLA01282,Usa River,639231.0,639231.0,2026-04-18,0.0
SLA01283,Sakina,573708.0,573708.0,2026-04-22,0.0
SLA01284,Kijenge,628274.0,628274.0,2026-04-30,0.0
SLA01285,Kijenge,692504.0,130407.0,2026-01-21,562097.0
SLA01286,Usa River,495023.0,301982.0,2026-04-19,193041.0
SLA01287,Kijenge,551955.0,551955.0,2026-04-18,0.0
SLA01288,Sakina,621824.0,621824.0,2026-04-14,0.0
SLA01289,Boma,629786.0,629786.0,2026-04-29,0.0
SLA01290,Ilboru,699640.0,699640.0,2026-04-13,0.0
SLA01291,Sakina,497270.0,497270.0,2026-04-28,0.0
SLA01292,Sakina,657478.0,657478.0,2026-05-12,0.0
SLA01293,Usa River,640039.0,227416.0,2026-03-21,412623.0
SLA01294,Boma,754437.0,754437.0,2026-05-06,0.0
SLA01295,Sakina,546643.0,546643.0,2026-04-25,0.0
SLA01296,Usa River,715662.0,0.0,2025-06-27,715662.0
SLA01297,Sakina,716827.0,409568.0,2026-03-18,307259.0
SLA01298,Usa River,507145.0,507145.0,2026-05-08,0.0
SLA01299,Ilboru,450641.0,78870.0,2026-01-22,371771.0
SLA01300,Boma,493099.0,22685.0,2026-02-12,470414.0
SLA01301,Usa River,321034.0,321034.0,2026-05-03,0.0
SLA01302,Kijenge,893490.0,893490.0,2026-05-03,0.0
SLA01303,Ilboru,615507.0,172117.0,2026-03-08,443389.0
SLA01304,Ilboru,2102879.0,0.0,2026-02-02,2102879.0
SLA01305,Boma,670833.0,670833.0,2026-04-19,0.0
SLA01306,Sakina,825843.0,825843.0,2026-04-17,0.0
SLA01307,Sakina,761450.0,584172.0,2026-03-30,177278.0
SLA01308,Kijenge,589173.0,589173.0,2026-04-27,0.0
SLA01309,Ilboru,693729.0,174590.0,2026-01-23,519138.0
SLA01310,Boma,606687.0,606687.0,2026-05-07,0.0
SLA01311,Kijenge,731303.0,731303.0,2026-04-14,0.0
SLA01312,Ilboru,581039.0,0.0,2025-08-25,581039.0
SLA01313,Kijenge,548774.0,548774.0,2026-05-04,0.0
SLA01314,Sakina,702270.0,72968.0,2026-02-20,629301.0
SLA01315,Boma,321512.0,321512.0,2026-04-29,0.0
SLA01316,Kijenge,559706.0,559706.0,2026-04-28,0.0
SLA01317,Usa River,800283.0,800283.0,2026-04-27,0.0
SLA01318,Ilboru,570511.0,570511.0,2026-04-17,0.0
SLA01319,Ilboru,567273.0,567273.0,2026-05-06,0.0
SLA01320,Kijenge,572288.0,572288.0,2026-05-01,0.0
SLA01321,Sakina,683545.0,683545.0,2026-04-27,0.0
SLA01322,Kijenge,567733.0,567733.0,2026-04-16,0.0
SLA01323,Ilboru,467217.0,70390.0,2026-03-01,396827.0
SLA01324,Sakina,518692.0,210046.0,2026-04-11,308646.0
SLA01325,Usa River,617914.0,38028.0,2026-03-06,579887.0
SLA01326,Sakina,900000.0,900000.0,2026-04-22,0.0
SLA01327,Kijenge,467147.0,246021.0,2026-03-31,221127.0
SLA01328,Usa River,300000.0,300000.0,2026-05-03,0.0
SLA01329,Sakina,730981.0,730981.0,2026-05-01,0.0
SLA01330,Usa River,558877.0,158629.0,2026-03-20,400249.0
SLA01331,Kijenge,555427.0,555427.0,2026-04-25,0.0
SLA01332,Ilboru,699987.0,699987.0,2026-05-12,0.0
SLA01333,Ilboru,440815.0,440815.0,2026-04-21,0.0
SLA01334,Ilboru,658238.0,206389.0,2026-04-04,451849.0
SLA01335,Kijenge,507280.0,507280.0,2026-04-28,0.0
SLA01336,Kijenge,686601.0,686601.0,2026-04-27,0.0
SLA01337,Usa River,464514.0,464514.0,2026-04-16,0.0
SLA01338,Ilboru,537058.0,225076.0,2026-04-22,311981.0
SLA01339,Ilboru,658725.0,658725.0,2026-05-13,0.0
SLA01340,Ilboru,697664.0,173764.0,2026-01-20,523899.0
SLA01341,Boma,487150.0,487150.0,2026-04-28,0.0
SLA01342,Usa River,470272.0,470272.0,2026-05-03,0.0
SLA01343,Ilboru,673912.0,2629.0,2026-01-20,671284.0
SLA01344,Usa River,399626.0,98002.0,2026-01-17,301625.0
SLA01345,Ilboru,811762.0,811762.0,2026-04-13,0.0
SLA01346,Ilboru,515479.0,515479.0,2026-04-16,0.0
SLA01347,Sakina,430985.0,430985.0,2026-05-11,0.0
SLA01348,Usa River,446348.0,446348.0,2026-05-06,0.0
SLA01349,Ilboru,810575.0,810575.0,2026-05-10,0.0
SLA01350,Boma,625322.0,231405.0,2026-03-31,393918.0
SLA01351,Usa River,588394.0,0.0,2025-08-11,588394.0
SLA01352,Usa River,613707.0,613707.0,2026-05-02,0.0
SLA01353,Kijenge,618036.0,618036.0,2026-04-27,0.0
SLA01354,Kijenge,636936.0,636936.0,2026-05-08,0.0
SLA01355,Sakina,394780.0,394780.0,2026-04-16,0.0
SLA01356,Kijenge,620504.0,97858.0,2026-02-09,522646.0
SLA01357,Kijenge,577922.0,577922.0,2026-05-06,0.0
SLA01358,Usa River,404449.0,404449.0,2026-04-29,0.0
SLA01359,Boma,666224.0,476264.0,2026-03-30,189960.0
SLA01360,Sakina,630724.0,630724.0,2026-05-08,0.0
SLA01361,Usa River,717923.0,278328.0,2026-03-22,439595.0
SLA01362,Ilboru,581028.0,581028.0,2026-04-21,0.0
SLA01363,Usa River,696791.0,696791.0,2026-05-07,0.0
SLA01364,Ilboru,558238.0,558238.0,2026-05-10,0.0
SLA01365,Sakina,623827.0,623827.0,2026-05-02,0.0
SLA01366,Usa River,417118.0,417118.0,2026-05-13,0.0
SLA01367,Ilboru,504187.0,0.0,2025-10-13,504187.0
SLA01368,Sakina,486072.0,373505.0,2026-03-28,112567.0
SLA01369,Usa River,900000.0,366723.0,2026-04-14,533277.0
SLA01370,Usa River,530923.0,530923.0,2026-05-06,0.0
SLA01371,Sakina,614641.0,614641.0,2026-05-05,0.0
SLA01372,Kijenge,737913.0,737913.0,2026-04-23,0.0
SLA01373,Boma,515619.0,515619.0,2026-05-04,0.0
SLA01374,Boma,595801.0,308276.0,2026-03-22,287526.0
SLA01375,Kijenge,812496.0,812496.0,2026-05-11,0.0
SLA01376,Usa River,659969.0,287794.0,2026-04-02,372174.0
SLA01377,Kijenge,663911.0,663911.0,2026-04-18,0.0
SLA01378,Usa River,512744.0,21046.0,2026-02-05,491698.0
SLA01379,Usa River,570298.0,76307.0,2026-03-23,493991.0
SLA01380,Ilboru,621324.0,136485.0,2026-03-07,484839.0
SLA01381,Usa River,439759.0,276780.0,2026-04-21,162978.0
SLA01382,Boma,700071.0,700071.0,2026-05-09,0.0
SLA01383,Kijenge,655102.0,655102.0,2026-04-16,0.0
SLA01384,Ilboru,651554.0,651554.0,2026-04-13,0.0
SLA01385,Sakina,624923.0,624923.0,2026-05-02,0.0
SLA01386,Ilboru,470273.0,136999.0,2026-04-12,333274.0
SLA01387,Boma,726378.0,103338.0,2026-02-14,623041.0
SLA01388,Usa River,603398.0,603398.0,2026-04-25,0.0
SLA01389,Usa River,603571.0,192240.0,2026-04-22,411331.0
SLA01390,Ilboru,431381.0,431381.0,2026-05-13,0.0
SLA01391,Sakina,660124.0,660124.0,2026-05-03,0.0
SLA01392,Kijenge,474902.0,157989.0,2026-03-18,316912.0
SLA01393,Ilboru,753351.0,753351.0,2026-04-14,0.0
SLA01394,Ilboru,773637.0,773637.0,2026-05-10,0.0
SLA01395,Boma,623587.0,623587.0,2026-05-04,0.0
SLA01396,Boma,632046.0,632046.0,2026-05-10,0.0
SLA01397,Sakina,706756.0,706756.0,2026-05-09,0.0
SLA01398,Usa River,609874.0,146147.0,2026-01-18,463727.0
SLA01399,Sakina,727858.0,76580.0,2026-02-19,651277.0
SLA01400,Kijenge,537925.0,537925.0,2026-04-15,0.0
SLA01401,Boma,769122.0,769122.0,2026-04-17,0.0
SLA01402,Ilboru,546540.0,546540.0,2026-04-13,0.0
SLA01403,Boma,774406.0,324777.0,2026-03-15,449629.0
SLA01404,Ilboru,563957.0,563957.0,2026-04-29,0.0
SLA01405,Usa River,503426.0,503426.0,2026-05-10,0.0
SLA01406,Usa River,367959.0,150542.0,2026-03-25,217417.0
SLA01407,Usa River,455113.0,107363.0,2026-04-06,347750.0
SLA01408,Kijenge,580113.0,164415.0,2026-03-29,415698.0
SLA01409,Ilboru,500930.0,500930.0,2026-05-11,0.0
SLA01410,Sakina,465273.0,32337.0,2026-04-11,432936.0
SLA01411,Usa River,645889.0,125880.0,2026-03-13,520009.0
SLA01412,Sakina,634700.0,634700.0,2026-05-07,0.0
SLA01413,Sakina,894636.0,894636.0,2026-05-07,0.0
SLA01414,Kijenge,525223.0,249514.0,2026-04-07,275709.0
SLA01415,Sakina,533343.0,533343.0,2026-05-13,0.0
SLA01416,Kijenge,555192.0,359770.0,2026-04-20,195422.0
SLA01417,Kijenge,459172.0,459172.0,2026-05-10,0.0
SLA01418,Boma,533733.0,0.0,2025-08-26,533733.0
SLA01419,Sakina,1952110.0,0.0,2026-05-03,1952110.0
SLA01420,Ilboru,785701.0,785701.0,2026-04-27,0.0
SLA01421,Boma,815505.0,64979.0,2026-02-12,750526.0
SLA01422,Usa River,665220.0,665220.0,2026-04-27,0.0
SLA01423,Ilboru,730033.0,730033.0,2026-04-27,0.0
SLA01424,Sakina,390174.0,390174.0,2026-05-12,0.0
SLA01425,Sakina,449119.0,246089.0,2026-04-09,203030.0
SLA01426,Boma,537887.0,79900.0,2026-04-06,457987.0
SLA01427,Ilboru,626855.0,626855.0,2026-04-30,0.0
SLA01428,Ilboru,744675.0,744675.0,2026-04-21,0.0
SLA01429,Boma,641176.0,373720.0,2026-04-23,267456.0
SLA01430,Kijenge,670071.0,421626.0,2026-04-24,248445.0
SLA01431,Sakina,556885.0,144895.0,2026-01-22,411990.0
SLA01432,Usa River,698458.0,447062.0,2026-04-04,251396.0
SLA01433,Sakina,660873.0,660873.0,2026-05-04,0.0
SLA01434,Sakina,522097.0,136556.0,2026-02-17,385541.0
SLA01435,Boma,657667.0,657667.0,2026-04-16,0.0
SLA01436,Sakina,579946.0,579946.0,2026-04-20,0.0
SLA01437,Ilboru,617606.0,234925.0,2026-03-31,382681.0
SLA01438,Ilboru,650190.0,650190.0,2026-05-03,0.0
SLA01439,Ilboru,648049.0,648049.0,2026-04-30,0.0
SLA01440,Usa River,698130.0,132326.0,2026-02-18,565804.0
SLA01441,Usa River,421273.0,421273.0,2026-05-02,0.0
SLA01442,Ilboru,677458.0,239475.0,2026-04-24,437983.0
SLA01443,Boma,859591.0,490511.0,2026-04-23,369080.0
SLA01444,Usa River,588565.0,588565.0,2026-04-18,0.0
SLA01445,Boma,633483.0,19481.0,2026-01-28,614001.0
SLA01446,Sakina,621065.0,621065.0,2026-05-03,0.0
SLA01447,Ilboru,649021.0,649021.0,2026-05-02,0.0
SLA01448,Ilboru,556445.0,556445.0,2026-04-16,0.0
SLA01449,Boma,620957.0,620957.0,2026-04-13,0.0
SLA01450,Usa River,542384.0,158402.0,2026-02-27,383983.0
SLA01451,Sakina,615336.0,138386.0,2026-03-17,476950.0
SLA01452,Ilboru,644052.0,644052.0,2026-05-06,0.0
SLA01453,Usa River,536903.0,536903.0,2026-04-16,0.0
SLA01454,Boma,584275.0,374899.0,2026-04-11,209376.0
SLA01455,Ilboru,355771.0,355771.0,2026-04-16,0.0
SLA01456,Sakina,426238.0,426238.0,2026-04-24,0.0
SLA01457,Sakina,336143.0,217431.0,2026-04-27,118712.0
SLA01458,Usa River,734622.0,734622.0,2026-05-13,0.0
SLA01459,Usa River,757265.0,34317.0,2026-03-01,722948.0
SLA01460,Kijenge,678024.0,678024.0,2026-04-16,0.0
SLA01461,Ilboru,588099.0,588099.0,2026-05-11,0.0
SLA01462,Boma,416937.0,51200.0,2026-04-02,365737.0
SLA01463,Kijenge,516971.0,35664.0,2026-02-24,481307.0
SLA01464,Usa River,449815.0,63857.0,2026-03-24,385958.0
SLA01465,Usa River,773252.0,43037.0,2026-01-31,730214.0
SLA01466,Boma,641127.0,463145.0,2026-04-19,177982.0
SLA01467,Sakina,654810.0,401471.0,2026-04-25,253339.0
SLA01468,Usa River,623583.0,337209.0,2026-03-31,286373.0
SLA01469,Ilboru,685080.0,685080.0,2026-04-24,0.0
SLA01470,Usa River,644997.0,644997.0,2026-05-07,0.0
SLA01471,Boma,509112.0,509112.0,2026-05-02,0.0
SLA01472,Usa River,511100.0,511100.0,2026-04-22,0.0
SLA01473,Ilboru,598285.0,598285.0,2026-04-27,0.0
SLA01474,Boma,523847.0,523847.0,2026-05-06,0.0
SLA01475,Sakina,2053481.0,0.0,2026-05-12,2053481.0
SLA01476,Kijenge,579236.0,579236.0,2026-04-19,0.0
SLA01477,Usa River,517421.0,0.0,2025-09-11,517421.0
SLA01478,Kijenge,722823.0,169108.0,2026-02-24,553714.0
SLA01479,Kijenge,468765.0,468765.0,2026-04-27,0.0
SLA01480,Usa River,483963.0,483963.0,2026-05-11,0.0
SLA01481,Boma,594275.0,0.0,2025-08-06,594275.0
SLA01482,Sakina,888243.0,515025.0,2026-04-01,373218.0
SLA01483,Ilboru,597288.0,597288.0,2026-05-04,0.0
SLA01484,Boma,625006.0,625006.0,2026-04-13,0.0
SLA01485,Sakina,354992.0,354992.0,2026-04-29,0.0
SLA01486,Usa River,479806.0,479806.0,2026-05-11,0.0
SLA01487,Boma,566268.0,396554.0,2026-04-13,169714.0
SLA01488,Ilboru,540784.0,540784.0,2026-04-27,0.0
SLA01489,Usa River,546602.0,546602.0,2026-04-20,0.0
SLA01490,Usa River,817438.0,175116.0,2026-03-23,642321.0
SLA01491,Boma,642951.0,302010.0,2026-03-26,340941.0
SLA01492,Usa River,613744.0,322927.0,2026-04-06,290817.0
SLA01493,Kijenge,714017.0,714017.0,2026-05-06,0.0
SLA01494,Usa River,808316.0,808316.0,2026-05-07,0.0
SLA01495,Kijenge,623749.0,623749.0,2026-04-19,0.0
SLA01496,Boma,521830.0,34318.0,2026-03-22,487512.0
SLA01497,Ilboru,541934.0,54773.0,2026-02-13,487161.0
SLA01498,Sakina,662740.0,363909.0,2026-03-31,298831.0
SLA01499,Sakina,531156.0,531156.0,2026-04-23,0.0
SLA01500,Sakina,488014.0,142714.0,2026-03-03,345300.0
SLA01501,Usa River,690399.0,276002.0,2026-04-19,414397.0
SLA01502,Ilboru,539729.0,539729.0,2026-04-29,0.0
SLA01503,Usa River,625391.0,625391.0,2026-04-25,0.0
SLA01504,Sakina,730926.0,490709.0,2026-04-24,240216.0
SLA01505,Ilboru,586712.0,586712.0,2026-05-12,0.0
SLA01506,Usa River,452908.0,5450.0,2026-04-04,447458.0
SLA01507,Boma,424275.0,73655.0,2026-01-25,350620.0
SLA01508,Ilboru,802071.0,802071.0,2026-04-29,0.0
SLA01509,Boma,544934.0,147247.0,2026-02-15,397687.0
SLA01510,Sakina,404046.0,404046.0,2026-04-23,0.0
SLA01511,Sakina,531268.0,33575.0,2026-02-12,497692.0
SLA01512,Boma,777185.0,284282.0,2026-03-31,492903.0
SLA01513,Usa River,765611.0,577666.0,2026-03-14,187945.0
SLA01514,Kijenge,533963.0,28991.0,2026-04-08,504973.0
SLA01515,Ilboru,519405.0,76708.0,2026-02-16,442698.0
SLA01516,Sakina,665232.0,665232.0,2026-05-08,0.0
SLA01517,Usa River,555526.0,555526.0,2026-05-01,0.0
SLA01518,Usa River,737852.0,737852.0,2026-04-22,0.0
SLA01519,Usa River,391234.0,391234.0,2026-05-11,0.0
SLA01520,Sakina,444638.0,162487.0,2026-03-16,282151.0
SLA01521,Usa River,739299.0,100646.0,2026-01-19,638653.0
SLA01522,Sakina,609219.0,609219.0,2026-04-16,0.0
SLA01523,Boma,446041.0,229909.0,2026-03-22,216132.0
SLA01524,Usa River,677871.0,259978.0,2026-04-09,417893.0
SLA01525,Ilboru,432960.0,432960.0,2026-05-09,0.0
SLA01526,Boma,561404.0,394574.0,2026-04-09,166830.0
SLA01527,Usa River,849210.0,849210.0,2026-04-17,0.0
SLA01528,Sakina,563603.0,563603.0,2026-05-11,0.0
SLA01529,Ilboru,645567.0,645567.0,2026-04-27,0.0
SLA01530,Usa River,605806.0,7150.0,2026-03-05,598656.0
SLA01531,Kijenge,517495.0,517495.0,2026-05-03,0.0
SLA01532,Ilboru,687917.0,687917.0,2026-05-07,0.0
SLA01533,Kijenge,590314.0,590314.0,2026-05-09,0.0
SLA01534,Boma,709959.0,709959.0,2026-04-27,0.0
SLA01535,Sakina,641579.0,641579.0,2026-05-12,0.0
SLA01536,Sakina,850605.0,850605.0,2026-05-09,0.0
SLA01537,Kijenge,583249.0,583249.0,2026-05-08,0.0
SLA01538,Sakina,732982.0,732982.0,2026-04-18,0.0
SLA01539,Ilboru,475211.0,373020.0,2026-04-26,102191.0
SLA01540,Kijenge,633188.0,633188.0,2026-04-29,0.0
SLA01541,Ilboru,521914.0,27737.0,2026-03-15,494177.0
SLA01542,Usa River,704408.0,144386.0,2026-02-12,560022.0
SLA01543,Kijenge,659482.0,659482.0,2026-05-02,0.0
SLA01544,Sakina,715556.0,715556.0,2026-04-29,0.0
SLA01545,Usa River,636914.0,636914.0,2026-04-19,0.0
SLA01546,Sakina,623708.0,254372.0,2026-04-02,369336.0
SLA01547,Kijenge,653907.0,324948.0,2026-03-21,328960.0
SLA01548,Usa River,507405.0,405775.0,2026-04-25,101630.0
SLA01549,Usa River,635595.0,635595.0,2026-04-26,0.0
SLA01550,Sakina,592303.0,139023.0,2026-03-29,453281.0
SLA01551,Kijenge,639451.0,639451.0,2026-05-05,0.0
SLA01552,Sakina,667728.0,667728.0,2026-05-09,0.0
SLA01553,Boma,642666.0,642666.0,2026-04-13,0.0
SLA01554,Ilboru,725630.0,507148.0,2026-04-06,218482.0
SLA01555,Ilboru,668394.0,668394.0,2026-05-12,0.0
SLA01556,Usa River,581993.0,581993.0,2026-05-06,0.0
SLA01557,Boma,615069.0,615069.0,2026-05-02,0.0
SLA01558,Usa River,468447.0,468447.0,2026-04-14,0.0
SLA01559,Usa River,427194.0,211153.0,2026-04-19,216041.0
SLA01560,Usa River,413673.0,413673.0,2026-04-14,0.0
SLA01561,Kijenge,563576.0,563576.0,2026-04-19,0.0
SLA01562,Ilboru,2107109.0,0.0,2026-03-20,2107109.0
SLA01563,Kijenge,515986.0,515986.0,2026-04-26,0.0
SLA01564,Sakina,717812.0,717812.0,2026-04-27,0.0
SLA01565,Usa River,561020.0,561020.0,2026-05-06,0.0
SLA01566,Boma,433251.0,433251.0,2026-05-06,0.0
SLA01567,Sakina,402552.0,402552.0,2026-04-29,0.0
SLA01568,Ilboru,766113.0,504915.0,2026-03-21,261197.0
SLA01569,Sakina,667669.0,3652.0,2026-01-30,664017.0
SLA01570,Kijenge,691071.0,691071.0,2026-05-04,0.0
SLA01571,Sakina,633743.0,11458.0,2026-02-27,622285.0
SLA01572,Ilboru,577332.0,577332.0,2026-05-08,0.0
SLA01573,Boma,666369.0,666369.0,2026-04-27,0.0
SLA01574,Boma,495531.0,495531.0,2026-04-13,0.0
SLA01575,Sakina,481887.0,274474.0,2026-03-27,207414.0
SLA01576,Ilboru,2247963.0,0.0,2026-03-29,2247963.0
SLA01577,Boma,411540.0,411540.0,2026-05-02,0.0
SLA01578,Usa River,583888.0,228136.0,2026-04-13,355752.0
SLA01579,Boma,580893.0,580893.0,2026-04-19,0.0
SLA01580,Usa River,527836.0,0.0,2025-05-14,527836.0
SLA01581,Kijenge,638374.0,638374.0,2026-04-17,0.0
SLA01582,Ilboru,597643.0,343713.0,2026-03-15,253931.0
SLA01583,Kijenge,666299.0,666299.0,2026-04-18,0.0
SLA01584,Ilboru,656635.0,656635.0,2026-05-12,0.0
SLA01585,Boma,616706.0,457659.0,2026-04-16,159046.0
SLA01586,Usa River,515761.0,515761.0,2026-04-14,0.0
SLA01587,Ilboru,520452.0,520452.0,2026-04-17,0.0
SLA01588,Usa River,450736.0,197153.0,2026-04-26,253583.0
SLA01589,Kijenge,516851.0,264560.0,2026-04-10,252291.0
SLA01590,Boma,519181.0,519181.0,2026-04-16,0.0
SLA01591,Usa River,633479.0,633479.0,2026-05-10,0.0
SLA01592,Ilboru,457488.0,334606.0,2026-04-03,122882.0
SLA01593,Ilboru,637178.0,637178.0,2026-05-03,0.0
SLA01594,Ilboru,746950.0,746950.0,2026-04-21,0.0
SLA01595,Sakina,794808.0,794808.0,2026-05-05,0.0
SLA01596,Ilboru,775139.0,775139.0,2026-05-11,0.0
SLA01597,Kijenge,397763.0,16281.0,2026-02-03,381481.0
SLA01598,Boma,503559.0,503559.0,2026-05-11,0.0
SLA01599,Usa River,796694.0,514838.0,2026-04-09,281856.0
SLA01600,Ilboru,636322.0,636322.0,2026-05-08,0.0
SLA01601,Usa River,535902.0,0.0,2025-07-27,535902.0
SLA01602,Sakina,467906.0,467906.0,2026-04-30,0.0
SLA01603,Boma,514644.0,514644.0,2026-05-11,0.0
SLA01604,Ilboru,508915.0,212144.0,2026-04-05,296771.0
SLA01605,Kijenge,604015.0,0.0,2025-07-05,604015.0
SLA01606,Boma,639706.0,639706.0,2026-05-09,0.0
SLA01607,Usa River,700023.0,700023.0,2026-05-02,0.0
SLA01608,Sakina,747320.0,148382.0,2026-04-09,598939.0
SLA01609,Ilboru,454843.0,454843.0,2026-04-13,0.0
SLA01610,Ilboru,568740.0,568740.0,2026-04-19,0.0
SLA01611,Kijenge,807220.0,807220.0,2026-04-27,0.0
SLA01612,Usa River,481117.0,481117.0,2026-04-23,0.0
SLA01613,Boma,675530.0,675530.0,2026-05-13,0.0
SLA01614,Ilboru,790016.0,790016.0,2026-04-27,0.0
SLA01615,Sakina,563186.0,392949.0,2026-04-21,170237.0
SLA01616,Usa River,468922.0,130407.0,2026-01-13,338515.0
SLA01617,Sakina,562031.0,562031.0,2026-05-04,0.0
SLA01618,Ilboru,609022.0,609022.0,2026-05-07,0.0
SLA01619,Boma,747246.0,747246.0,2026-04-29,0.0
SLA01620,Ilboru,536704.0,370870.0,2026-04-23,165834.0
SLA01621,Usa River,643401.0,204653.0,2026-03-17,438748.0
SLA01622,Boma,471529.0,471529.0,2026-04-26,0.0
SLA01623,Usa River,493230.0,493230.0,2026-04-16,0.0
SLA01624,Kijenge,610462.0,610462.0,2026-04-18,0.0
SLA01625,Kijenge,684971.0,684971.0,2026-05-10,0.0
SLA01626,Kijenge,858689.0,858689.0,2026-05-06,0.0
SLA01627,Boma,464226.0,69211.0,2026-02-26,395015.0
SLA01628,Usa River,609820.0,609820.0,2026-04-29,0.0
SLA01629,Sakina,588133.0,153160.0,2026-03-28,434973.0
SLA01630,Boma,668213.0,668213.0,2026-05-11,0.0
SLA01631,Ilboru,671951.0,671951.0,2026-04-27,0.0
SLA01632,Ilboru,457450.0,216397.0,2026-03-23,241054.0
SLA01633,Usa River,557638.0,107229.0,2026-01-21,450409.0
SLA01634,Ilboru,572982.0,158617.0,2026-01-16,414365.0
SLA01635,Kijenge,623709.0,623709.0,2026-04-15,0.0
SLA01636,Sakina,766825.0,766825.0,2026-04-23,0.0
SLA01637,Kijenge,666937.0,666937.0,2026-04-30,0.0
SLA01638,Boma,472186.0,472186.0,2026-04-17,0.0
SLA01639,Kijenge,563373.0,563373.0,2026-05-04,0.0
SLA01640,Usa River,606798.0,78732.0,2026-01-13,528066.0
SLA01641,Sakina,663563.0,663563.0,2026-04-15,0.0
SLA01642,Boma,300000.0,300000.0,2026-05-05,0.0
SLA01643,Sakina,635192.0,635192.0,2026-05-05,0.0
SLA01644,Usa River,664814.0,249978.0,2026-03-20,414835.0
SLA01645,Sakina,446100.0,446100.0,2026-04-23,0.0
SLA01646,Sakina,574387.0,574387.0,2026-05-09,0.0
SLA01647,Sakina,778887.0,13501.0,2026-01-26,765386.0
SLA01648,Sakina,532362.0,532362.0,2026-05-12,0.0
SLA01649,Boma,550688.0,0.0,2025-05-31,550688.0
SLA01650,Usa River,636294.0,636294.0,2026-04-23,0.0
SLA01651,Sakina,524649.0,524649.0,2026-04-30,0.0
SLA01652,Boma,415884.0,415884.0,2026-04-28,0.0
SLA01653,Sakina,709492.0,709492.0,2026-05-04,0.0
SLA01654,Usa River,474723.0,64057.0,2026-02-11,410666.0
SLA01655,Ilboru,574925.0,574925.0,2026-05-04,0.0
SLA01656,Boma,459586.0,306456.0,2026-04-18,153131.0
SLA01657,Ilboru,383762.0,117245.0,2026-03-30,266517.0
SLA01658,Sakina,530819.0,530819.0,2026-05-09,0.0
SLA01659,Usa River,300000.0,300000.0,2026-04-20,0.0
SLA01660,Usa River,534451.0,534451.0,2026-05-01,0.0
SLA01661,Usa River,647016.0,647016.0,2026-04-27,0.0
SLA01662,Usa River,598163.0,598163.0,2026-05-06,0.0
SLA01663,Usa River,669515.0,669515.0,2026-04-29,0.0
SLA01664,Boma,743589.0,743589.0,2026-05-12,0.0
SLA01665,Ilboru,580976.0,580976.0,2026-04-16,0.0
SLA01666,Kijenge,546806.0,294187.0,2026-04-18,252619.0
SLA01667,Sakina,493824.0,493824.0,2026-04-20,0.0
SLA01668,Kijenge,495022.0,369307.0,2026-03-28,125715.0
SLA01669,Ilboru,326835.0,77156.0,2026-02-09,249679.0
SLA01670,Ilboru,737079.0,737079.0,2026-05-13,0.0
SLA01671,Ilboru,465501.0,465501.0,2026-04-27,0.0
SLA01672,Kijenge,589399.0,589399.0,2026-05-07,0.0
SLA01673,Boma,710562.0,531187.0,2026-04-25,179375.0
SLA01674,Sakina,756209.0,756209.0,2026-04-15,0.0
SLA01675,Ilboru,787381.0,787381.0,2026-05-04,0.0
SLA01676,Boma,655197.0,655197.0,2026-04-30,0.0
SLA01677,Usa River,518674.0,166410.0,2026-04-05,352265.0
SLA01678,Usa River,628435.0,628435.0,2026-05-12,0.0
SLA01679,Sakina,545422.0,545422.0,2026-04-26,0.0
SLA01680,Sakina,503701.0,503701.0,2026-05-04,0.0
SLA01681,Sakina,755857.0,755857.0,2026-04-29,0.0
SLA01682,Usa River,681632.0,681632.0,2026-04-17,0.0
SLA01683,Sakina,738938.0,738938.0,2026-05-10,0.0
SLA01684,Boma,633905.0,274179.0,2026-04-03,359726.0
SLA01685,Usa River,515058.0,515058.0,2026-04-26,0.0
SLA01686,Kijenge,719526.0,719526.0,2026-05-07,0.0
SLA01687,Ilboru,2656310.0,0.0,2026-04-27,2656310.0
SLA01688,Ilboru,561278.0,561278.0,2026-04-27,0.0
SLA01689,Sakina,569900.0,354451.0,2026-03-27,215449.0
SLA01690,Sakina,529997.0,126995.0,2026-03-04,403002.0
SLA01691,Sakina,604631.0,604631.0,2026-04-20,0.0
SLA01692,Sakina,606842.0,606842.0,2026-05-03,0.0
SLA01693,Sakina,632231.0,446282.0,2026-03-25,185949.0
SLA01694,Sakina,497552.0,497552.0,2026-05-04,0.0
SLA01695,Boma,643105.0,43335.0,2026-02-25,599770.0
SLA01696,Boma,474623.0,474623.0,2026-04-30,0.0
SLA01697,Boma,364037.0,364037.0,2026-04-24,0.0
SLA01698,Sakina,573450.0,111102.0,2026-01-30,462348.0
SLA01699,Boma,566782.0,566782.0,2026-04-25,0.0
SLA01700,Sakina,636495.0,483395.0,2026-03-19,153100.0
SLA01701,Ilboru,631908.0,631908.0,2026-05-09,0.0
SLA01702,Kijenge,570157.0,378724.0,2026-04-26,191433.0
SLA01703,Boma,1981718.0,0.0,2026-04-16,1981718.0
SLA01704,Kijenge,621723.0,174839.0,2026-02-20,446884.0
SLA01705,Sakina,444380.0,444380.0,2026-04-14,0.0
SLA01706,Boma,588675.0,417308.0,2026-03-14,171368.0
SLA01707,Kijenge,589693.0,589693.0,2026-04-26,0.0
SLA01708,Ilboru,748594.0,427536.0,2026-03-26,321058.0
SLA01709,Kijenge,602553.0,602553.0,2026-04-29,0.0
SLA01710,Usa River,372099.0,372099.0,2026-04-26,0.0
SLA01711,Usa River,609412.0,448930.0,2026-03-20,160482.0
SLA01712,Kijenge,754770.0,754770.0,2026-05-05,0.0
SLA01713,Kijenge,680782.0,680782.0,2026-04-13,0.0
SLA01714,Usa River,574917.0,231127.0,2026-04-10,343790.0
SLA01715,Ilboru,497938.0,497938.0,2026-05-03,0.0
SLA01716,Sakina,686380.0,686380.0,2026-04-14,0.0
SLA01717,Usa River,773580.0,773580.0,2026-05-04,0.0
SLA01718,Sakina,633358.0,633358.0,2026-05-01,0.0
SLA01719,Ilboru,774577.0,246049.0,2026-04-06,528528.0
SLA01720,Kijenge,505812.0,0.0,2025-10-05,505812.0
SLA01721,Usa River,677794.0,677794.0,2026-04-14,0.0
SLA01722,Usa River,545497.0,163049.0,2026-02-11,382448.0
SLA01723,Sakina,501559.0,501559.0,2026-05-05,0.0
SLA01724,Usa River,807236.0,143618.0,2026-03-27,663618.0
SLA01725,Sakina,552044.0,552044.0,2026-05-06,0.0
SLA01726,Sakina,801731.0,801731.0,2026-05-06,0.0
SLA01727,Boma,509891.0,509891.0,2026-05-10,0.0
SLA01728,Ilboru,739986.0,739986.0,2026-05-10,0.0
SLA01729,Kijenge,531240.0,531240.0,2026-05-13,0.0
SLA01730,Kijenge,865710.0,865710.0,2026-04-30,0.0
SLA01731,Ilboru,564478.0,564478.0,2026-04-28,0.0
SLA01732,Usa River,823358.0,823358.0,2026-05-03,0.0
SLA01733,Boma,826394.0,580537.0,2026-04-23,245857.0
SLA01734,Kijenge,693403.0,693403.0,2026-04-26,0.0
SLA01735,Boma,533858.0,533858.0,2026-04-14,0.0
SLA01736,Ilboru,579578.0,378951.0,2026-04-17,200626.0
SLA01737,Boma,545613.0,304798.0,2026-04-03,240815.0
SLA01738,Kijenge,462997.0,462997.0,2026-04-14,0.0
SLA01739,Usa River,2523340.0,0.0,2026-04-15,2523340.0
SLA01740,Usa River,590078.0,590078.0,2026-05-04,0.0
SLA01741,Sakina,585390.0,467829.0,2026-03-26,117562.0
SLA01742,Kijenge,622782.0,622782.0,2026-04-16,0.0
SLA01743,Usa River,669211.0,669211.0,2026-05-07,0.0
SLA01744,Usa River,558047.0,558047.0,2026-05-08,0.0
SLA01745,Usa River,631400.0,310596.0,2026-03-14,320804.0
SLA01746,Usa River,826150.0,826150.0,2026-04-18,0.0
SLA01747,Kijenge,785189.0,785189.0,2026-05-08,0.0
SLA01748,Ilboru,616906.0,616906.0,2026-04-17,0.0
SLA01749,Usa River,387787.0,30166.0,2026-04-02,357622.0
SLA01750,Boma,723956.0,284551.0,2026-04-17,439404.0
SLA01751,Ilboru,576607.0,305079.0,2026-04-08,271528.0
SLA01752,Boma,466630.0,466630.0,2026-05-05,0.0
SLA01753,Ilboru,593803.0,325541.0,2026-04-11,268262.0
SLA01754,Usa River,799351.0,303317.0,2026-03-22,496034.0
SLA01755,Boma,545148.0,545148.0,2026-05-05,0.0
SLA01756,Kijenge,647437.0,503905.0,2026-04-25,143532.0
SLA01757,Ilboru,531187.0,531187.0,2026-05-04,0.0
SLA01758,Sakina,587982.0,587982.0,2026-04-14,0.0
SLA01759,Usa River,575559.0,575559.0,2026-04-21,0.0
SLA01760,Usa River,572823.0,572823.0,2026-05-02,0.0
SLA01761,Kijenge,644084.0,338060.0,2026-04-20,306024.0
SLA01762,Ilboru,536871.0,536871.0,2026-04-20,0.0
SLA01763,Usa River,598318.0,24994.0,2026-02-19,573324.0
SLA01764,Ilboru,309091.0,309091.0,2026-04-19,0.0
SLA01765,Kijenge,706085.0,4623.0,2026-03-13,701463.0
SLA01766,Sakina,629649.0,629649.0,2026-04-16,0.0
SLA01767,Sakina,610480.0,9571.0,2026-02-15,600909.0
SLA01768,Usa River,412494.0,326138.0,2026-04-24,86356.0
SLA01769,Boma,536514.0,536514.0,2026-05-12,0.0
SLA01770,Sakina,466752.0,466752.0,2026-05-07,0.0
SLA01771,Kijenge,668047.0,668047.0,2026-05-08,0.0
SLA01772,Sakina,609599.0,609599.0,2026-04-29,0.0
SLA01773,Kijenge,641749.0,641749.0,2026-04-21,0.0
SLA01774,Boma,548789.0,548789.0,2026-04-15,0.0
SLA01775,Boma,534980.0,90073.0,2026-02-14,444907.0
SLA01776,Ilboru,478101.0,103674.0,2026-02-14,374428.0
SLA01777,Sakina,607402.0,607402.0,2026-04-29,0.0
SLA01778,Usa River,1803619.0,0.0,2026-04-20,1803619.0
SLA01779,Kijenge,817381.0,817381.0,2026-04-25,0.0
SLA01780,Ilboru,448039.0,114247.0,2026-02-28,333792.0
SLA01781,Sakina,593042.0,314993.0,2026-04-25,278049.0
SLA01782,Boma,812383.0,812383.0,2026-04-14,0.0
SLA01783,Usa River,475875.0,475875.0,2026-04-30,0.0
SLA01784,Kijenge,767667.0,767667.0,2026-04-19,0.0
SLA01785,Ilboru,606842.0,606842.0,2026-05-02,0.0
SLA01786,Ilboru,524582.0,524582.0,2026-04-29,0.0
SLA01787,Ilboru,672297.0,672297.0,2026-05-01,0.0
SLA01788,Sakina,739432.0,739432.0,2026-05-09,0.0
SLA01789,Usa River,507796.0,507796.0,2026-05-10,0.0
SLA01790,Sakina,556743.0,556743.0,2026-05-01,0.0
SLA01791,Kijenge,661370.0,153176.0,2026-04-13,508194.0
SLA01792,Usa River,705973.0,705973.0,2026-04-29,0.0
SLA01793,Sakina,590660.0,590660.0,2026-04-30,0.0
SLA01794,Kijenge,635850.0,311700.0,2026-04-13,324150.0
SLA01795,Kijenge,509785.0,398773.0,2026-04-11,111012.0
SLA01796,Boma,613592.0,613592.0,2026-05-12,0.0
SLA01797,Ilboru,427407.0,251656.0,2026-03-20,175751.0
SLA01798,Boma,742577.0,742577.0,2026-05-06,0.0
SLA01799,Boma,664409.0,0.0,2025-10-13,664409.0
